ID,Area,Feature,User Story,Expected Behaviour,Status,Test Result,Errors Found,Fix Notes
CC-01,Cross-cutting,App shell & routing,"As a user, I want a persistent sidebar, header with breadcrumbs and bottom nav (mobile) so that I can navigate between all pages.",HashRouter routing; sidebar lists routes grouped by section; header shows breadcrumb of current page; on localhost a 'Demo / Mock Mode' badge is shown; unknown routes redirect to the role-based home (default /staffing).,Retested-Pass,"Pass — verified end-to-end via Playwright against mock-mode app. Sidebar/breadcrumb/mock badge verified; icon font does not load in offline sandbox (environmental, not an app bug).",,"No fix needed; covered by post-fix regression pass (39 routes, key flows, 0 page errors)."
CC-02,Cross-cutting,Authentication & RBAC,"As an admin, I want login protection with roles and per-page permissions so that users only see what they may access.","When login protection is enabled, unauthenticated users are redirected to /login; ADMIN always has permission; other roles need route in user.permissions; users with mustChangePassword see a forced password-change screen (min 8 chars, confirm must match). In mock mode protection is disabled.",Retested-Pass,Pass (after fix),"BUG-3: hasEntityVisibility() returns false when user is null, so with login protection disabled (default demo mode) 11 pages (Resources, Projects, Workload, Skills, Contracts, Rate Cards, Leaves, Requests, Interviews, Skills Map, WBS) show the permission lock screen for everyone.",Fixed in AuthContext.hasEntityVisibility: returns true when login protection is disabled. Retested: all 11 previously locked pages accessible without login.
CC-03,Cross-cutting,Mock/demo mode,"As a developer/demo user, I want the app on localhost to use a localStorage-backed mock DB so that I can try everything without a backend.",isLocalPreview() intercepts all /api calls; data persists in localStorage key staffing_planner_local_db_v1; login always succeeds with mock-jwt-token.,Retested-Pass,Pass — verified end-to-end via Playwright against mock-mode app,,"Fixed by BUG-7 fix: mockData now generates allocations dynamically around today and seeds leave types, contract, rate card and calendar. Retested: demo pages populated."
CC-04,Cross-cutting,Toast notifications,"As a user, I want success/error toasts after actions so that I get feedback.",addToast shows dismissible toast; auto-dismiss after timeout; error messages from API surfaced.,Retested-Pass,Pass — verified end-to-end via Playwright against mock-mode app,,"No fix needed; covered by post-fix regression pass (39 routes, key flows, 0 page errors)."
CC-05,Cross-cutting,Theme (light/dark),"As a user, I want to switch theme and have it persisted so that the UI matches my preference.",ThemeContext persists theme; CSS tokens switch palettes; default follows stored preference.,Retested-Pass,Pass — verified end-to-end via Playwright against mock-mode app,,"No fix needed; covered by post-fix regression pass (39 routes, key flows, 0 page errors)."
CC-06,Cross-cutting,Global search widget,"As a user, I want a search palette (header/bottom nav) so that I can find entities quickly from anywhere.",SearchWidget portal opens; typing searches across entities; results navigate to entity pages; /global-search page for full results.,Retested-Pass,Pass — verified end-to-end via Playwright against mock-mode app,,"No fix needed; covered by post-fix regression pass (39 routes, key flows, 0 page errors)."
CC-07,Cross-cutting,Shared DataTable component,"As a developer, I want the reusable DataTable component to render stable, correctly-keyed rows on desktop and mobile so that every page using it (Leaves, Resources, Projects, Contracts, Clients, Roles, Skills, Certifications, Resource Requests, Interviews, Calendar, Revenue, DB Inspector, Admin Settings, ...) is free of React reconciliation bugs.","DataTable.tsx renders each desktop row by calling the caller-supplied renderRow(item) (which returns a <tr key={item.id}>...) and reconstructing a new <tr> around it to inject sticky/action-column styling — the reconstructed row must preserve the original key. On mobile it maps sortedData through the caller-supplied renderMobileCard(item); that array must also be reliably keyed even if a given page's renderMobileCard implementation forgets to (or intentionally returns an empty stub).",Retested-Pass,Pass (after fix),"BUG-11: the desktop row-reconstruction (~line 429) spread element.props onto a freshly-created <tr> but never re-attached a key, silently losing row identity on every DataTable consumer (found via console warning on Leaves). BUG-13: a wider sweep of all 39 routes (isolated per-route, since React only logs an identical key-warning once per component name per page session and was masking repeats) found the SAME underlying warning re-surface on /admin-settings, then again on /db-inspector as each prior instance got fixed — root cause was 3 separate pages (AdminSettingsPage, DbInspectorPage, RevenuePage) passing renderMobileCard={() => <></>}, an unkeyed empty-fragment stub, to DataTable's mobile-card map.","Fixed in DataTable.tsx at the component level (not per-page): the desktop reconstruction now sets key={element.key ?? rowIndex}; the mobile-card map now wraps every renderMobileCard(item) result in <React.Fragment key={item.id ?? rowIndex}>, so no current or future DataTable consumer can reintroduce this warning even with a lazy/stub mobile renderer. Also gave AdminSettingsPage.tsx a real mobile card (see AS-02) since its stub was hiding a fully-invisible mobile feature, not just a console warning. Retested: full 39-route sweep (both single-session and isolated-per-route) shows zero non-network console errors."
ST-01,Staffing,Interactive staffing grid (day view),"As a planner, I want an editable per-day allocation grid of resources × projects so that I can set daily allocation percentages.",Day view shows 14 days; each assignment row has numeric inputs 0-100 (step 5); values clamp to 0-100; edits are debounced 400ms then persisted; weekend/holiday cells are read-only '-'; full-day approved leave blocks the cell with the leave-type icon/color; half-day leave shows a corner marker but stays editable.,Retested-Pass,Pass — verified end-to-end via Playwright against mock-mode app. Cell edit 0-100 persisted to mock DB after 400ms debounce.,,Mock data refresh (BUG-7) retested: 20 editable cells visible in day view on a fresh demo DB.
ST-02,Staffing,Aggregated week/month views,"As a planner, I want weekly/monthly average views so that I can see load over 12 weeks/12 months.","Week/month views show 12 read-only averaged cells per assignment and per resource; colors: red >100% (or >max), teal =100%/max, yellow partial; resource lastDayOfWork caps the effective period.",Retested-Pass,Pass — verified end-to-end via Playwright against mock-mode app,,"No fix needed; covered by post-fix regression pass (39 routes, key flows, 0 page errors)."
ST-03,Staffing,Daily total per resource with overload diagnosis,"As a planner, I want a daily total row per resource with color coding and a diagnosis modal so that I understand and fix overloads.",Total cell sums all assignments; red if > maxStaffingPercentage (half-day leave adds 50% if affectsCapacity); clicking a non-zero total opens 'Composizione del carico' modal listing per-project percentages with 0-100% (step5) dropdowns to fix inline; overflow badge shows +X% over max.,Retested-Pass,Pass — verified end-to-end via Playwright against mock-mode app. Diagnosis modal opens with per-project percentage selects.,,"No fix needed; covered by post-fix regression pass (39 routes, key flows, 0 page errors)."
ST-04,Staffing,Period navigation & view switch,"As a planner, I want Prev/Today/Next and Day/Week/Month toggles so that I can move through time.",Prev/Next move by 1 day/7 days/1 month depending on view; 'Oggi' returns to current date; view toggle re-renders columns (14 days / 12 weeks / 12 months).,Retested-Pass,Pass — verified end-to-end via Playwright against mock-mode app,,"No fix needed; covered by post-fix regression pass (39 routes, key flows, 0 page errors)."
ST-05,Staffing,Assign resource to projects,"As a planner, I want to assign a resource to one or more projects so that allocation rows are created.",'Assegna Risorsa' opens FormDialog with searchable resource select and multi-select of non-completed projects; submit creates assignments (duplicates skipped server-side); per-resource '+' button pre-selects that resource.,Retested-Pass,Pass — verified end-to-end via Playwright against mock-mode app,,"No fix needed; covered by post-fix regression pass (39 routes, key flows, 0 page errors)."
ST-06,Staffing,Bulk allocation with undo,"As a planner, I want to fill a date range with a percentage in one action and undo it so that mass planning is fast and safe.","Calendar_add_on button opens 'Assegnazione Massiva' (startDate, endDate, percentage); submit sets percentage on working days in range; snackbar appears with count and 'Annulla' that restores previous values exactly.",Retested-Pass,Pass — verified end-to-end via Playwright against mock-mode app. Bulk fill applied; undo snackbar restored previous values with toast.,,"No fix needed; covered by post-fix regression pass (39 routes, key flows, 0 page errors)."
ST-07,Staffing,Delete assignment,"As a planner, I want to remove an assignment with confirmation so that I don't delete by mistake.",Delete icon opens ConfirmationModal naming resource and project; confirm deletes assignment and its allocations; row disappears.,Retested-Pass,Pass — verified end-to-end via Playwright against mock-mode app,,"No fix needed; covered by post-fix regression pass (39 routes, key flows, 0 page errors)."
ST-08,Staffing,Staffing filters & pagination,"As a planner, I want to filter by resource, client, PM and project and paginate so that large teams stay manageable.",Filters are debounced 400ms; filtering by project/client/PM restricts resources to those with matching assignments; 'Reset Filtri' clears all; pagination 20/page default with page-size selector; resigned resources are always excluded.,Retested-Pass,Pass — verified end-to-end via Playwright against mock-mode app,,"No fix needed; covered by post-fix regression pass (39 routes, key flows, 0 page errors)."
ST-09,Staffing,Assignment visibility rule,"As a planner, I want assignments with no allocation in the visible period hidden (unless never populated) so that the grid stays clean.",An assignment with some non-zero allocations only shows when at least one non-zero day falls in the visible range; assignments with no allocations at all always show.,Retested-Pass,Pass — verified end-to-end via Playwright against mock-mode app,,"No fix needed; covered by post-fix regression pass (39 routes, key flows, 0 page errors)."
ST-10,Staffing,Mobile staffing cards,"As a mobile user, I want per-resource cards with load bars and a slider editor so that I can edit staffing on the phone.","Below 768px: cards show name, role, avg load badge and bar, assignment list; tapping an assignment opens a full-screen editor with a 0-100 step-5 slider per day; non-working days are read-only.",Retested-Pass,Pass — verified end-to-end via Playwright against mock-mode app,,"No fix needed; covered by post-fix regression pass (39 routes, key flows, 0 page errors)."
ST-11,Staffing,Staffing export,"As a planner, I want to export the visible staffing list so that I can share it.","ExportButton exports current page resources with name, role, assigned projects, location, max %, email, tutor.",Retested-Pass,Pass — verified end-to-end via Playwright against mock-mode app,,"No fix needed; covered by post-fix regression pass (39 routes, key flows, 0 page errors)."
ST-12,Staffing,Cross-links,"As a planner, I want resource and project names linked so that I can jump to their detail pages.",Resource name links to /workload?resourceId=...; project name links to /projects?projectId=....,Retested-Pass,Pass — verified end-to-end via Playwright against mock-mode app,,"No fix needed; covered by post-fix regression pass (39 routes, key flows, 0 page errors)."
DB-01,Dashboard,Configurable tabbed dashboard,"As a manager, I want KPI cards organized in configurable tabs so that I can see the analytics that matter to me.",Tabs come from dashboardLayout (UIConfig); first tab is active by default; each tab renders its configured cards in a 2-column grid; full-width cards span both columns.,Retested-Pass,Pass (after fix),BUG-4: mock /api/data returns dashboardLayout=[] which overrides DEFAULT_DASHBOARD_LAYOUT in UIConfigContext.initialize — Dashboard page renders completely empty in demo mode.,Fixed in UIConfigContext.initialize: an empty dashboardLayout no longer overrides the default layout. Retested: 4 tabs and KPI cards render in demo mode.
DB-02,Dashboard,KPI header cards,"As a manager, I want top-level KPIs (total budget, active resources/projects, month cost, person-days) so that I get an instant company pulse.","KpiHeaderCards show overall totals; current-month cost uses historical role cost × allocation × realization%, excluding weekends/holidays.",Retested-Pass,Pass (after fix),BUG-4 (same as DB-01): no tabs/cards rendered because layout list is empty.,Fixed together with DB-01. Retested: KPI header shows budget/cost/person-days values.
DB-03,Dashboard,Attention cards (unassigned/unstaffed),"As a manager, I want warnings for unassigned resources and unstaffed 'In corso' projects so that I can act.",AttentionCards list unassigned active resources (max%>0) and in-progress projects with no assignments; clicking navigates to the relevant filtered page.,Retested-Pass,Pass — verified end-to-end via Playwright against mock-mode app,,"No fix needed; covered by post-fix regression pass (39 routes, key flows, 0 page errors)."
DB-04,Dashboard,Average allocation per resource (current/next month),"As a manager, I want per-resource average allocation for this and next month with a resource filter so that I can spot under/over allocation.",Card computes monthly averages from allocations on working days; totals row shows averages; resource filter narrows rows.,Retested-Pass,Pass — verified end-to-end via Playwright against mock-mode app,,"No fix needed; covered by post-fix regression pass (39 routes, key flows, 0 page errors)."
DB-05,Dashboard,FTE per project,"As a manager, I want FTE and person-days per project (client filter) so that I can see effort distribution.",FTE = person-days within project dates / working days of project; projects with 0 days hidden; client filter applies.,Retested-Pass,Pass — verified end-to-end via Playwright against mock-mode app,,"No fix needed; covered by post-fix regression pass (39 routes, key flows, 0 page errors)."
DB-06,Dashboard,Budget analysis (budget vs allocated cost),"As a manager, I want budget vs estimated cost variance per project so that I can see overruns.",Estimated cost = sum of allocation × historical role cost × realization%; variance = budget - cost; totals row; client filter.,Retested-Pass,Pass — verified end-to-end via Playwright against mock-mode app,,"No fix needed; covered by post-fix regression pass (39 routes, key flows, 0 page errors)."
DB-07,Dashboard,Temporal budget analysis,"As a manager, I want pro-rata budget vs cost in a chosen date range so that I can check burn rate.",Period budget = daily budget (budget/working days of project) × working days of overlap with filter range; cost computed in range; client+date filters; invalid dates yield empty list.,Retested-Pass,Pass — verified end-to-end via Playwright against mock-mode app,,"No fix needed; covered by post-fix regression pass (39 routes, key flows, 0 page errors)."
DB-08,Dashboard,Average daily rate per project,"As a manager, I want the average daily cost rate per project in a range so that I can compare project economics.",avgDailyRate = totalCost/totalPersonDays over filter range (default current month); projects with 0 days hidden.,Retested-Pass,Pass — verified end-to-end via Playwright against mock-mode app,,"No fix needed; covered by post-fix regression pass (39 routes, key flows, 0 page errors)."
DB-09,Dashboard,Underutilized resources by month,"As a manager, I want resources under 100% average allocation for a selected month so that I can fill capacity.",Month picker (default current); list of resources with avg<100% and their percentage.,Retested-Pass,Pass — verified end-to-end via Playwright against mock-mode app,,"No fix needed; covered by post-fix regression pass (39 routes, key flows, 0 page errors)."
DB-10,Dashboard,Monthly cost by client / unallocated FTE / leaves overview,"As a manager, I want month cost per client, unallocated FTE and a leaves overview so that I see cost distribution and absences.",Client cost card lists clients with cost>0 (click navigates); UnallocatedFTE = available FTE - allocated FTE this month; LeavesOverview links to /leaves.,Retested-Pass,Pass — verified end-to-end via Playwright against mock-mode app,,"No fix needed; covered by post-fix regression pass (39 routes, key flows, 0 page errors)."
DB-11,Dashboard,Effort by function/industry & allocation matrix,"As a manager, I want effort split by function, industry and a function×industry FTE matrix so that I understand where effort goes.",All-time person-days aggregated by resource function/industry; matrix uses current-month FTE.,Retested-Pass,Pass — verified end-to-end via Playwright against mock-mode app,,"No fix needed; covered by post-fix regression pass (39 routes, key flows, 0 page errors)."
DB-12,Dashboard,Location analysis & saturation trend & cost forecast,"As a manager, I want per-location utilization, a per-resource 10-month saturation trend, and a 4-month cost forecast so that I can plan.",Location: current month utilization = allocated/available; trend: -6..+3 months for selected resource; forecast compares 6-month historic average vs next months' committed cost.,Retested-Pass,Pass — verified end-to-end via Playwright against mock-mode app,,"No fix needed; covered by post-fix regression pass (39 routes, key flows, 0 page errors)."
DB-13,Dashboard,Revenue & margin cards,"As a manager, I want revenue by industry, revenue mix T&M vs Fixed, billing pipeline and top margin projects so that I can monitor revenue.","RevenueByIndustry uses sell rates from contract rate cards (current month); RevenueMix per month of current year (T&M from allocations, Fixed from milestones); pipeline sums PLANNED milestones next 6 months; TopMargin = revenue-cost current month top 10.",Retested-Pass,Pass — verified end-to-end via Playwright against mock-mode app,,"No fix needed; covered by post-fix regression pass (39 routes, key flows, 0 page errors)."
DB-14,Dashboard,Contract cards,"As a manager, I want WBS saturation and expiring contracts so that I can renew in time.",WbsSaturation: top 5 contracts with saturation >80% (consumed=capienza-backlog); ContractExpirations: contracts ending within 90 days sorted by date; NoWbsLeakage: current-month cost on assignments without contract/WBS with navigation.,Retested-Pass,Pass — verified end-to-end via Playwright against mock-mode app,,"No fix needed; covered by post-fix regression pass (39 routes, key flows, 0 page errors)."
WL-01,Workload,Read-only workload grid,"As a manager, I want a read-only per-resource load grid (day/week/month) so that I can spot over/under-load without editing.",Same color semantics as staffing; day view 14 days with leave icons; week/month views 12 averaged columns; resource links to /staffing?resourceId=...; resigned resources excluded.,Retested-Pass,Pass — verified end-to-end via Playwright against mock-mode app,,"No fix needed; covered by post-fix regression pass (39 routes, key flows, 0 page errors)."
WL-02,Workload,Quick status filters,"As a manager, I want quick filters Tutte/Sottostaffate/Sovrastaffate/Anomalie so that I can isolate problem resources.",UNDER: avg<max; OVER: avg>max; ISSUES: avg≠max computed over the visible period; combined with resource/role filters; Reset clears all.,Retested-Pass,Pass — verified end-to-end via Playwright against mock-mode app,,"No fix needed; covered by post-fix regression pass (39 routes, key flows, 0 page errors)."
WL-03,Workload,Workload export & PDF,"As a manager, I want Excel and PDF export of the workload so that I can share it.","Excel export includes resource, role, location, function, avg load, max %; PDF includes top-10 bar chart, load distribution doughnut and detail table.",Retested-Pass,Pass — verified end-to-end via Playwright against mock-mode app,,"No fix needed; covered by post-fix regression pass (39 routes, key flows, 0 page errors)."
WL-04,Workload,Entity-visibility guard,"As a restricted user, I should see a lock message if I lack 'allocations' visibility so that data stays protected.","If hasEntityVisibility('allocations') is false, page shows lock icon + message instead of data.",Retested-Pass,Pass — verified end-to-end via Playwright against mock-mode app,,"No fix needed; covered by post-fix regression pass (39 routes, key flows, 0 page errors)."
GT-01,Gantt,Project Gantt chart,"As a PM, I want a Gantt timeline of projects colored by status so that I can monitor schedules.","Bars positioned by start/end dates; color by status (In corso=primary, Completato=tertiary, In pausa=yellow); today line shown; timescale spans all projects and always includes today.",Retested-Pass,Pass — verified end-to-end via Playwright against mock-mode app,,"No fix needed; covered by post-fix regression pass (39 routes, key flows, 0 page errors)."
GT-02,Gantt,Zoom & sort & filters,"As a PM, I want month/quarter/year zoom, name/client filters and date sort so that I can adjust the view.",Zoom rebuilds column scale; name search is case-insensitive substring; client select filters; sort toggles by startDate asc/desc; Reset clears filters.,Retested-Pass,Pass — verified end-to-end via Playwright against mock-mode app,,"No fix needed; covered by post-fix regression pass (39 routes, key flows, 0 page errors)."
GT-03,Gantt,Expand project resources,"As a PM, I want to expand a project row to see assigned resources so that I know who works on it.",Chevron appears only if project has assignments; expanding lists resource names as sub-rows.,Retested-Pass,Pass — verified end-to-end via Playwright against mock-mode app,,"No fix needed; covered by post-fix regression pass (39 routes, key flows, 0 page errors)."
GT-04,Gantt,Gantt export,"As a PM, I want to export the filtered project list so that I can share timelines.","Export contains name, client, status, formatted start/end dates for filtered rows.",Retested-Pass,Pass — verified end-to-end via Playwright against mock-mode app,,"No fix needed; covered by post-fix regression pass (39 routes, key flows, 0 page errors)."
FC-01,Forecasting,12-month capacity forecast,"As a resource manager, I want a 12-month utilization forecast so that I can anticipate capacity issues.","For each month: available person-days = working days (net of approved leaves, hire/last day, max%) ; allocated = real allocations; utilization %; surplus/deficit; bar chart with >100% red, >90% yellow.",Retested-Pass,Pass — verified end-to-end via Playwright against mock-mode app,,"No fix needed; covered by post-fix regression pass (39 routes, key flows, 0 page errors)."
FC-02,Forecasting,Predictive projections toggle,"As a resource manager, I want projected load based on historical averages for future months without hard bookings so that the forecast is realistic.","Toggle 'Includi Proiezioni Future' ON by default; for future months without allocations, projects the historical average % over project-bounded working days; projected months marked '(Proiezione)' and striped in chart.",Retested-Pass,Pass — verified end-to-end via Playwright against mock-mode app,,"No fix needed; covered by post-fix regression pass (39 routes, key flows, 0 page errors)."
FC-03,Forecasting,Forecast filters,"As a resource manager, I want function/client/project filters so that I can forecast a subset.",Client change resets project filter; project filter restricts resources to those assigned; Reset clears all.,Retested-Pass,Pass — verified end-to-end via Playwright against mock-mode app,,"No fix needed; covered by post-fix regression pass (39 routes, key flows, 0 page errors)."
RS-01,Resources,Resource KPI cards,"As an HR manager, I want KPIs (active, resigned, bench, avg cost) so that I see workforce status; clicking active/resigned filters the table.",Cards computed from data; active/resigned cards act as status filter buttons with pressed state.,Retested-Pass,Pass — verified end-to-end via Playwright against mock-mode app,,"No fix needed; covered by post-fix regression pass (39 routes, key flows, 0 page errors)."
RS-02,Resources,Resource table with sorting/filters,"As an HR manager, I want a sortable table with name/role/function/industry/location/status filters and an 'only unassigned' toggle so that I can find people.","Filters debounced 400ms; status default 'active'; 'Solo non allocate' shows only resources with no assignments; table shows role, cost (resource override or role cost), location, people lead, status, last day, avg allocation (current month), active projects, seniority years.",Retested-Pass,Pass — verified end-to-end via Playwright against mock-mode app,,"No fix needed; covered by post-fix regression pass (39 routes, key flows, 0 page errors)."
RS-03,Resources,Create/edit resource (full form),"As an HR manager, I want a detailed form with validation so that resource data stays consistent.","Zod validation: name≥3 chars, email required, role/function/location required, lastDayOfWork ≥ hireDate; resigned checkbox reveals required last-day field and clears it when unchecked; max staffing slider 0-100 step 5; talent flag; seniority code; tutor (cannot be self); failure shows toast 'Controlla i dati inseriti.' and field errors.",Retested-Pass,Pass — verified end-to-end via Playwright against mock-mode app. Full create incl. role SearchableSelect; Zod errors verified for short name.,,"No fix needed; covered by post-fix regression pass (39 routes, key flows, 0 page errors)."
RS-04,Resources,Skills management inside resource form,"As an HR manager, I want to add/remove skills with level and dates in the resource form so that competencies stay current.","Skill picker excludes already-added skills; each entry has level (1-5 labels), acquisition and expiration dates; save syncs additions/updates/removals via resource_skills.",Retested-Pass,Pass — verified end-to-end via Playwright against mock-mode app,,"No fix needed; covered by post-fix regression pass (39 routes, key flows, 0 page errors)."
RS-05,Resources,Inline quick edit,"As an HR manager, I want inline row editing for common fields so that I can fix data fast.","Quick edit turns row into inputs (name, role, cost, location, tutor); check saves with spinner, X cancels.",Retested-Pass,Pass — verified end-to-end via Playwright against mock-mode app,,"No fix needed; covered by post-fix regression pass (39 routes, key flows, 0 page errors)."
RS-06,Resources,Delete resource (cascade),"As an HR manager, I want to delete a resource with its dependent data so that no orphans remain.",deleteResource cascades (assignments/allocations etc. via useCascadeOps); spinner while deleting.,Retested-Pass,Pass — verified end-to-end via Playwright against mock-mode app,,"No fix needed; covered by post-fix regression pass (39 routes, key flows, 0 page errors)."
RS-07,Resources,Deep links & recruiting handoff,"As a user, I want URL params ?filter=unassigned and ?editId=<id> and candidate prefill so that flows link into this page.",filter=unassigned enables the toggle; editId opens edit modal for that resource; router-state prefillResource opens pre-filled 'new resource' form (from interviews hire flow).,Retested-Pass,Pass — verified end-to-end via Playwright against mock-mode app,,"No fix needed; covered by post-fix regression pass (39 routes, key flows, 0 page errors)."
RS-08,Resources,Resources export & PDF,"As an HR manager, I want Excel/PDF export of filtered resources so that I can report headcount.","Excel has full column set; PDF has function doughnut, location bar chart and list table.",Retested-Pass,Pass — verified end-to-end via Playwright against mock-mode app,,"No fix needed; covered by post-fix regression pass (39 routes, key flows, 0 page errors)."
RS-09,Resources,Entity-visibility guard,"As a restricted user, I should see a lock message if I lack 'resources' visibility.",Lock icon + message replace content when hasEntityVisibility('resources') is false.,Retested-Pass,Pass — verified end-to-end via Playwright against mock-mode app,,"No fix needed; covered by post-fix regression pass (39 routes, key flows, 0 page errors)."
PJ-01,Projects,Project KPI cards,"As a PM, I want KPIs (active projects, total budget, ending within 30 days) so that I see portfolio health.",Cards computed from 'In corso' projects; endingSoon counts active projects with endDate within next 30 days.,Retested-Pass,Pass — verified end-to-end via Playwright against mock-mode app,,"No fix needed; covered by post-fix regression pass (39 routes, key flows, 0 page errors)."
PJ-02,Projects,Project table with filters,"As a PM, I want name/client/status filters and a 'Solo senza staff' toggle so that I find projects fast.","Debounced 400ms; unstaffed toggle shows only 'In corso' projects without assignments; 'Senza Staff' badge shown on such rows; sortable columns; row shows client, assigned resource count, status badge, start date, budget.",Retested-Pass,Pass — verified end-to-end via Playwright against mock-mode app,,"No fix needed; covered by post-fix regression pass (39 routes, key flows, 0 page errors)."
PJ-03,Projects,Create/edit project with validation,"As a PM, I want a project form with validation so that project data is consistent.","Zod: name required, budget ≥ 0, realization 0-200%, endDate ≥ startDate; sections Dati Base / Pianificazione & Budget / Associazioni; contract link, required-skills multi-select, notes; on create the new id is kept so retry after skill error doesn't duplicate the project.",Retested-Pass,Pass — verified end-to-end via Playwright against mock-mode app,,"No fix needed; covered by post-fix regression pass (39 routes, key flows, 0 page errors)."
PJ-04,Projects,Inline quick edit project,"As a PM, I want to quick-edit name/client/budget/status/start date inline so that fixes are fast.","Row switches to inputs; check saves (optimistic-lock version preserved), X cancels.",Retested-Pass,Pass — verified end-to-end via Playwright against mock-mode app,,"No fix needed; covered by post-fix regression pass (39 routes, key flows, 0 page errors)."
PJ-05,Projects,Delete project (cascade),"As a PM, I want to delete a project with its assignments/allocations so that data stays clean.",deleteProject cascades via useCascadeOps; spinner during deletion.,Retested-Pass,Pass — verified end-to-end via Playwright against mock-mode app,,"No fix needed; covered by post-fix regression pass (39 routes, key flows, 0 page errors)."
PJ-06,Projects,Billing plan modal,"As a PM, I want to set the billing type and manage fixed-price milestones so that revenue is planned.","Modal shows billing type select (T&M/Fixed Price) with save button appearing only when changed; T&M shows linked contract+rate card info or a warning if no contract; Fixed Price shows milestone list (name, date, amount, status PLANNED/INVOICED/PAID editable inline), add-milestone form, delete, and total vs budget (red if over).",Retested-Pass,Pass — verified end-to-end via Playwright against mock-mode app. Billing modal opens; switching to FIXED_PRICE reveals milestones panel.,,"No fix needed; covered by post-fix regression pass (39 routes, key flows, 0 page errors)."
PJ-07,Projects,Project expenses modal,"As a PM, I want to record extra project expenses so that costs are complete.","Modal lists expenses sorted by date desc with total and % of budget; add form (category, description, date, amount, billable flag); delete asks confirmation; toasts on success/error.",Retested-Pass,Pass — verified end-to-end via Playwright against mock-mode app. Expense added via modal and persisted.,,"No fix needed; covered by post-fix regression pass (39 routes, key flows, 0 page errors)."
PJ-08,Projects,Deep links,"As a user, I want ?projectId, ?clientId, ?filter=unstaffed, ?editId params so that other pages can link here.",projectId sets name filter to that project's name; clientId sets client filter; filter=unstaffed sets toggle; editId opens edit modal; params are cleared after applying.,Retested-Pass,Pass — verified end-to-end via Playwright against mock-mode app,,"No fix needed; covered by post-fix regression pass (39 routes, key flows, 0 page errors)."
PJ-09,Projects,Projects export & PDF,"As a PM, I want Excel/PDF export of the filtered projects so that I can report.","Excel with full fields; PDF with status doughnut, top-10 budget bar and list table.",Retested-Pass,Pass — verified end-to-end via Playwright against mock-mode app,,"No fix needed; covered by post-fix regression pass (39 routes, key flows, 0 page errors)."
PJ-10,Projects,Entity-visibility guard,"As a restricted user, I should see a lock message if I lack 'projects' visibility.",Lock icon + message instead of content.,Retested-Pass,Pass — verified end-to-end via Playwright against mock-mode app,,"No fix needed; covered by post-fix regression pass (39 routes, key flows, 0 page errors)."
CL-01,Clients,Client KPI cards,"As an account manager, I want totals (clients, active clients, sectors) so that I see the client base.",Active = clients with at least one 'In corso' project; sectors = distinct non-empty sectors.,Retested-Pass,Pass — verified end-to-end via Playwright against mock-mode app,,"No fix needed; covered by post-fix regression pass (39 routes, key flows, 0 page errors)."
CL-02,Clients,Client CRUD with filters,"As an account manager, I want to list/filter/add/edit/delete clients so that the registry stays current.","Name + sector filters; add/edit modal (name*, sector select, contactEmail*); inline quick edit; delete with spinner; deep link ?editId opens edit modal.",Retested-Pass,Pass — verified end-to-end via Playwright against mock-mode app,,"No fix needed; covered by post-fix regression pass (39 routes, key flows, 0 page errors)."
CL-03,Clients,Clients export & PDF,"As an account manager, I want Excel/PDF export so that I can share the client list.","Excel (name, sector, email); PDF with sector doughnut and top-10 clients by project count.",Retested-Pass,Pass — verified end-to-end via Playwright against mock-mode app,,"No fix needed; covered by post-fix regression pass (39 routes, key flows, 0 page errors)."
RL-01,Roles,Role CRUD with cost parameters,"As an admin, I want roles with daily/standard cost, overhead % and activity mix so that costing is accurate.","Add/edit modal with name*, seniority level, dailyCost*, standardCost, overheadPct (shows computed € = dailyCost×pct), mix Chargeable/Training/BD with live bar; submit blocked unless mix sums to 100% (error shown); name/seniority filters; export.",Retested-Pass,Pass — verified end-to-end via Playwright against mock-mode app. Mix != 100% shows error and disables submit; role created after fix.,,"No fix needed; covered by post-fix regression pass (39 routes, key flows, 0 page errors)."
RL-02,Roles,Inline quick edit role,"As an admin, I want to quick-edit name/seniority/cost/overhead inline so that updates are fast.",Row becomes editable; save/cancel buttons with spinner.,Retested-Pass,Pass (after fix),BUG-1: RolesPage renderMobileCard quick-edit binds editingRole/handleChange instead of inlineEditingData/handleInlineFormChange for Costo Giornaliero and Overhead — mobile quick edit of those fields does not work. Desktop inline edit passes.,Fixed in RolesPage renderMobileCard: quick-edit inputs now bind inlineEditingData/handleInlineFormChange. Retested on 390px viewport: cost edit persisted.
RL-03,Roles,Delete role with confirmation,"As an admin, I want a confirm dialog warning that delete fails if role is in use so that I don't break resources.",ConfirmationModal warns; success toast on deletion; context toast on failure.,Retested-Pass,Pass — verified end-to-end via Playwright against mock-mode app,,"No fix needed; covered by post-fix regression pass (39 routes, key flows, 0 page errors)."
SK-01,Skills,Skills KPI cards & unused filter,"As a competence manager, I want KPIs (total, top macro area, unused skills) with the unused card acting as a filter so that I spot dead entries.",Cards computed from non-certification skills; clicking 'Inutilizzate' toggles unusedOnly filter (ring highlight).,Retested-Pass,Pass — verified end-to-end via Playwright against mock-mode app,,"No fix needed; covered by post-fix regression pass (39 routes, key flows, 0 page errors)."
SK-02,Skills,Skill CRUD,"As a competence manager, I want to create/edit/delete skills with category multi-select so that the catalog stays clean.",Modal with name* and Ambiti multi-select; version preserved on update; delete confirmation states how many resources/projects lose the skill; deep link ?editId opens editor.,Retested-Pass,Pass — verified end-to-end via Playwright against mock-mode app,,"No fix needed; covered by post-fix regression pass (39 routes, key flows, 0 page errors)."
SK-03,Skills,Skill filters & table/card views,"As a competence manager, I want name/macro/ambito filters and a table↔card toggle so that I browse comfortably.",Filters combine; card view shows usage counters; table sortable with usage columns.,Retested-Pass,Pass — verified end-to-end via Playwright against mock-mode app,,"No fix needed; covered by post-fix regression pass (39 routes, key flows, 0 page errors)."
SK-04,Skills,Assign skills to resources (single/bulk),"As a competence manager, I want to assign one or many skills to many resources at once so that onboarding is fast.","Row person_add pre-selects that skill; header 'Assegna' opens bulk modal with skills+resources multi-selects, level and dates; submit requires ≥1 resource and ≥1 skill; N associations saved with success toast.",Retested-Pass,Pass — verified end-to-end via Playwright against mock-mode app,,"No fix needed; covered by post-fix regression pass (39 routes, key flows, 0 page errors)."
SK-05,Skills,Skills export & PDF,"As a competence manager, I want Excel/PDF exports so that I can share the catalog.",Excel with usage counts; PDF top-10 charts + table.,Retested-Pass,Pass — verified end-to-end via Playwright against mock-mode app,,"No fix needed; covered by post-fix regression pass (39 routes, key flows, 0 page errors)."
CE-01,Certifications,Certification catalog (KPIs and CRUD),"As an HR manager, I want certifications managed separately (isCertification=true) with expiry KPIs so that renewals are tracked.","KPIs: types, expiring within 90 days, top macro area; CRUD like skills with 'verified' badge and info note; delete confirms removal from resources; ?editId deep link.",Retested-Pass,Pass — verified end-to-end via Playwright against mock-mode app,,"No fix needed; covered by post-fix regression pass (39 routes, key flows, 0 page errors)."
CE-02,Certifications,Expiring badge & assignment,"As an HR manager, I want per-cert expiring counts and assignment to resources with dates so that I renew in time.","Rows show warning badge when some resource's expiration is within 90 days; person_add opens assignment modal (default level 5-expert, acquisition/expiration dates).",Retested-Pass,Pass — verified end-to-end via Playwright against mock-mode app,,"No fix needed; covered by post-fix regression pass (39 routes, key flows, 0 page errors)."
CE-03,Certifications,Certifications export & PDF,"As an HR manager, I want Excel/PDF exports so that I can report certification coverage.",Excel with expiring column; PDF top-10 bar + valid vs expiring pie.,Retested-Pass,Pass — verified end-to-end via Playwright against mock-mode app,,"No fix needed; covered by post-fix regression pass (39 routes, key flows, 0 page errors)."
LV-01,Leaves,Leave request visibility rules,"As a user, I should only see leave requests I'm entitled to see so that privacy is preserved.",ADMIN sees all; users see their own; approvers see requests assigned to them; non-SIMPLE roles see all APPROVED requests; SIMPLE users only their own.,Retested-Pass,Pass — verified end-to-end via Playwright against mock-mode app,,"No fix needed; covered by post-fix regression pass (39 routes, key flows, 0 page errors)."
LV-02,Leaves,Leave KPI cards as filters,"As a manager, I want Pending/Approved/Rejected/OnLeaveToday KPIs where the first three toggle filtering so that I can triage.",Clicking a KPI toggles that status filter (highlight + scale); Assenti Oggi = approved requests covering today.,Retested-Pass,Pass — verified end-to-end via Playwright against mock-mode app,,"No fix needed; covered by post-fix regression pass (39 routes, key flows, 0 page errors)."
LV-03,Leaves,Create/edit leave request,"As an employee, I want to request leave with type, dates, half-day, approvers and notes so that my manager can approve it.","Zod: resource, type, start, end required, end ≥ start; approvers multi-select limited to manager resources; on create a notification is sent to each approver with link /#/leaves; errors shown inline.",Retested-Pass,Pass — verified end-to-end via Playwright against mock-mode app,,Mock data refresh (BUG-7) retested: leave request created end-to-end without login (leave types now seeded).
LV-04,Leaves,Approve/reject flows,"As an approver, I want quick approve/reject from the row and from the modal so that handling is fast.","Buttons visible when status=PENDING and user is admin, or non-owner (non-SIMPLE or designated approver); approval sets managerId to the actor; modal shows Approva/Rifiuta buttons under same rules.",Retested-Pass,Pass — verified end-to-end via Playwright against mock-mode app. Quick approve persisted status=APPROVED with managerId set.,,"No fix needed; covered by post-fix regression pass (39 routes, key flows, 0 page errors)."
LV-05,Leaves,Edit/delete permissions,"As a requester, I can edit/delete only my PENDING requests (admin can always) so that approved history stays intact.",Edit/delete icons only for admin or owner+PENDING; delete uses confirmation modal explaining capacity restoration.,Retested-Pass,Pass — verified end-to-end via Playwright against mock-mode app,,"No fix needed; covered by post-fix regression pass (39 routes, key flows, 0 page errors)."
LV-06,Leaves,Leave calendar view,"As a manager, I want a monthly team calendar of absences so that I see coverage.","6-week UTC grid Mon-Sun; leaves (not REJECTED) rendered as chips colored by type, dashed border if PENDING, ½ marker for half days; holidays/weekends highlighted; Prev/Today/Next month navigation; clicking a chip opens edit modal only if permitted.",Retested-Pass,Pass — verified end-to-end via Playwright against mock-mode app,,"No fix needed; covered by post-fix regression pass (39 routes, key flows, 0 page errors)."
LV-07,Leaves,Leave filters & export,"As a manager, I want resource/type filters and Excel/PDF export so that I can report absences.",Filters combine with status KPI; export includes duration in working days (0.5 for half day) and approver names; PDF has status doughnut and type bar.,Retested-Pass,Pass — verified end-to-end via Playwright against mock-mode app,,"No fix needed; covered by post-fix regression pass (39 routes, key flows, 0 page errors)."
CA-01,Calendar,Company calendar CRUD,"As an admin, I want to manage holidays and closures so that working-day math is correct everywhere.","DataTable sorted by date with name/type filters; add/edit modal (name*, date*, type NATIONAL_HOLIDAY/COMPANY_CLOSURE/LOCAL_HOLIDAY); location field appears only for LOCAL_HOLIDAY and is cleared otherwise; delete with spinner.",Retested-Pass,Pass — verified end-to-end via Playwright against mock-mode app,,"No fix needed; covered by post-fix regression pass (39 routes, key flows, 0 page errors)."
CF-01,Config,Lookup options management,"As an admin, I want to manage functions, industries, seniority levels, project statuses, client sectors and locations so that dropdowns stay current.",Six ConfigSection cards each with list + Aggiungi/edit modal (single 'Valore' field) and delete; errors show toast.,Retested-Pass,Pass — verified end-to-end via Playwright against mock-mode app,,"No fix needed; covered by post-fix regression pass (39 routes, key flows, 0 page errors)."
CF-02,Config,Skill taxonomy management,"As an admin, I want to manage skill macro-areas and categories (with macro links) so that skills are classified.",Macro Ambiti list CRUD; Ambiti list CRUD with macroCategoryIds multi-select shown as subtitle.,Retested-Pass,Pass — verified end-to-end via Playwright against mock-mode app,,"No fix needed; covered by post-fix regression pass (39 routes, key flows, 0 page errors)."
RC-01,Rate Cards,Master-detail rate card management,"As a sales ops user, I want to create rate cards and edit per-resource sell rates so that revenue is computed correctly.","Left panel lists rate cards (auto-select first, add/edit/delete with confirmation noting entries loss); right panel groups active resources by role with reference internal cost (resource-specific > role standard > role daily, * marks specific), editable sell rate, live margin % badge (red<0, yellow<20, green otherwise).",Retested-Pass,Pass — verified end-to-end via Playwright against mock-mode app. Master-detail renders with margin badges; entry edit shows save button.,,"No fix needed; covered by post-fix regression pass (39 routes, key flows, 0 page errors)."
RC-02,Rate Cards,Bulk initialize & save,"As a sales ops user, I want to initialize sell rates as cost+20% and save all changes at once so that setup is fast.",'Inizializza' asks confirm then fills rates=basecost×1.2 for visible (role-filtered) resources with toast count; 'Salva Modifiche' button appears only when there are unsaved changes and upserts all entries.,Retested-Pass,Pass (after fix),"BUG-6: mock engine has no handler for the bulk POST {entries:[...]} of rate_card_entries — it stores one garbage row containing the array instead of upserting rates, so saving rates in demo mode corrupts data and margins never update.","Fixed in mockHandlers: dedicated bulk-upsert handler for rate_card_entries. Retested: edited rate persisted as proper entry, no garbage rows."
RC-03,Rate Cards,Role filter & visibility guard,"As a user, I want a role filter and rate_cards visibility enforcement.",Role select filters the grid; lock screen without 'rate_cards' visibility.,Retested-Pass,Pass — verified end-to-end via Playwright against mock-mode app,,"No fix needed; covered by post-fix regression pass (39 routes, key flows, 0 page errors)."
IM-01,Import,Excel bulk import,"As an admin, I want to import entities from an Excel template so that I can load data massively.","3-step flow: choose type (8 types; Utenti e Permessi admin-only), download generated template, upload .xlsx/.xls and import; parses expected sheets per type and POSTs to /api/import; success message with warnings list; failure shows error; app data refetched after import.",Retested-Pass,Pass — verified end-to-end via Playwright against mock-mode app,,"No fix needed; covered by post-fix regression pass (39 routes, key flows, 0 page errors)."
EX-01,Export,Full data export cards,"As a user, I want one-click Excel exports per domain so that I can back up or edit data offline.","Cards: monthly allocations (3 months), core entities, staffing grid, resource requests, interviews, skills+associations, leaves, tutor mapping, and (admin only) users & permissions (no passwords); spinner per card during export; alert on failure.",Retested-Pass,Pass — verified end-to-end via Playwright against mock-mode app,,"No fix needed; covered by post-fix regression pass (39 routes, key flows, 0 page errors)."
RP-01,Reports,Project margin report,"As a controller, I want per-project labor cost, expenses, T&M revenue, margin and budget variance so that I can assess profitability.","Tab 'Costi e Margini': cost=allocations×historical role cost; revenue=allocations×sell rate from contract rate card; margin badge colored (≥30 green, >0 yellow, else red); client/status filters; CSV + Excel + PDF export.",Retested-Pass,Pass (after fix),"BUG-2: ReportsPage.tsx:78 calls getSellRate(rateCardId, resource.roleId) but the function expects a resourceId — estimated revenue is always EUR 0 and margins are always negative (verified at runtime).","Fixed in ReportsPage: getSellRate now receives resource.id. Retested: report shows Ricavo €19.200, Margine €3.840 (20.0%) with the demo rate card."
RP-02,Reports,Resource utilization report,"As a controller, I want monthly per-resource availability, allocation, utilization % and allocated cost so that I can review usage.","Month picker (default current); role/function filters; availability accounts for hire date, last day, max staffing %, holidays per location; CSV/Excel/PDF export.",Retested-Pass,Pass — verified end-to-end via Playwright against mock-mode app,,"No fix needed; covered by post-fix regression pass (39 routes, key flows, 0 page errors)."
RP-03,Reports,Report tabs,"As a controller, I want to switch between the two reports so that both analyses are one click away.",Pill tabs 'Costi e Margini' / 'Utilizzo Risorse' swap content with fade-in.,Retested-Pass,Pass — verified end-to-end via Playwright against mock-mode app,,"No fix needed; covered by post-fix regression pass (39 routes, key flows, 0 page errors)."
CT-01,Contracts,Contract KPI cards,"As a contract manager, I want totals (contracts, capienza, backlog with %) so that I see financial coverage.",Cards computed with numeric parsing; backlog % = backlog/capienza.,Retested-Pass,Pass — verified end-to-end via Playwright against mock-mode app,,"No fix needed; covered by post-fix regression pass (39 routes, key flows, 0 page errors)."
CT-02,Contracts,Contract CRUD with validation,"As a contract manager, I want contracts with CIG, WBS, capienza, rate card, billing type, dates and linked projects/managers so that agreements are tracked.","Zod: name*, cig*, capienza ≥ 0, endDate ≥ startDate; billingType inherited by projects; multi-select links to projects and manager resources persisted as join rows; deep link ?editId.",Retested-Pass,Pass — verified end-to-end via Playwright against mock-mode app,,"No fix needed; covered by post-fix regression pass (39 routes, key flows, 0 page errors)."
CT-03,Contracts,Recalculate backlog,"As a contract manager, I want a per-row 'Ricalcola Backlog' action so that consumption is refreshed from allocations.",Refresh icon triggers recalculateContractBacklog with spinner; backlog shown red when negative.,Retested-Pass,Pass — verified end-to-end via Playwright against mock-mode app,,"No fix needed; covered by post-fix regression pass (39 routes, key flows, 0 page errors)."
CT-04,Contracts,Contract filters & export,"As a contract manager, I want name/CIG/WBS text filters and Excel/PDF export.",Filters combine (case-insensitive substring); export includes joins and formatted values; PDF billing-type pie + top-10 capienza/backlog bars.,Retested-Pass,Pass — verified end-to-end via Playwright against mock-mode app,,"No fix needed; covered by post-fix regression pass (39 routes, key flows, 0 page errors)."
WB-01,WBS Analysis,Hierarchical WBS drill-down,"As a controller, I want allocations grouped WBS → Project → Resource over months so that I audit where effort goes.",Expandable tree rows; monthly columns; totals per row; unit switch Days/FTE/Cost; sticky first column.,Retested-Pass,Pass — verified end-to-end via Playwright against mock-mode app,,"No fix needed; covered by post-fix regression pass (39 routes, key flows, 0 page errors)."
WB-02,WBS Analysis,Unit & period & filters & export,"As a controller, I want to change unit, period and filter, and export the aggregation.",Unit selector days/fte/cost; export button; entity-visibility guard for restricted users.,Retested-Pass,Pass — verified end-to-end via Playwright against mock-mode app,,"No fix needed; covered by post-fix regression pass (39 routes, key flows, 0 page errors)."
RV-01,Revenue,Monthly revenue vs cost chart,"As a CFO, I want a yearly D3 chart of revenue, cost and margin % so that I see financial trends.",For selected year: T&M revenue = allocations×sell rate (contract rate card); Fixed Price revenue = milestones amounts; cost = allocations×historical cost×realization; bars+line chart theme-aware; year selector.,Retested-Pass,Pass — verified end-to-end via Playwright against mock-mode app,,"No fix needed; covered by post-fix regression pass (39 routes, key flows, 0 page errors)."
RV-02,Revenue,Breakdown tabs & filters,"As a CFO, I want overview/WBS/client/project breakdown tabs with client/project/WBS filters so that I can drill into revenue.",Tabs switch aggregation dimension; filters cascade (project options limited by client); reset button; DataTable with export.,Retested-Pass,Pass (after fix),"BUG-13 (see CC-07): RevenuePage.tsx passed renderMobileCard={() => <></>} to DataTable, an unkeyed empty-fragment stub that could log a React key warning (this page's table is dense/detailed and was deliberately left desktop-only per an existing code comment, so no mobile-visibility regression, just the console warning).","Fixed at the shared component level in DataTable.tsx (see CC-07) — the mobile-card map now always wraps results in a keyed Fragment regardless of what a page's renderMobileCard returns. Retested: /revenue logs zero console errors."
RR-01,Resource Requests,Request CRUD with HCR code,"As a staffing manager, I want resource requests with auto-generated HCR codes and rich validation so that demand is tracked.","Zod: project*, role*, dates* (end≥start), commitment 0-100, OSR number required when isOsrOpen; isLongTerm auto-set when period >60 days; status ATTIVA/STANDBY/CHIUSA with badges; new requests get sequential HCR##### code; deep link ?editId.",Retested-Pass,Pass — verified end-to-end via Playwright against mock-mode app,,"No fix needed; covered by post-fix regression pass (39 routes, key flows, 0 page errors)."
RR-02,Resource Requests,Best-fit candidate matching,"As a staffing manager, I want a best-fit search for a request so that I can find available internal resources.",Row action opens matching modal (blocked with warning for CHIUSA requests); getBestFitResources scores candidates on availability/role/skills and shows score bars; errors show toast.,Retested-Pass,Pass — verified end-to-end via Playwright against mock-mode app. 'Trova Candidati' opens best-fit modal.,,"No fix needed; covered by post-fix regression pass (39 routes, key flows, 0 page errors)."
RR-03,Resource Requests,Demand summary,"As a staffing manager, I want FTE-by-role and requests-by-project summaries for open requests so that I see aggregate demand.",Summary excludes STANDBY and CHIUSA; FTE = sum(commitment)/100 per role sorted desc.,Retested-Pass,Pass — verified end-to-end via Playwright against mock-mode app,,"No fix needed; covered by post-fix regression pass (39 routes, key flows, 0 page errors)."
RR-04,Resource Requests,Request filters & export,"As a staffing manager, I want project/role/status/requestor filters and Excel/PDF export.",Filters combine; export includes flags (urgent/tech/OSR); visibility guard for 'resource_requests'.,Retested-Pass,Pass — verified end-to-end via Playwright against mock-mode app,,"No fix needed; covered by post-fix regression pass (39 routes, key flows, 0 page errors)."
IV-01,Interviews,Interview pipeline CRUD,"As a recruiter, I want candidate interviews with ratings, feedback, hiring status and linked resource request so that recruiting is tracked.","Form with candidate data, function, role, CV summary, interviewers multi-select, date, 8 rating dimensions (avg shown as stars), feedback, status Aperto/StandBy/Chiuso, hiring status; version preserved; delete with confirmation; ?editId deep link.",Retested-Pass,Pass — verified end-to-end via Playwright against mock-mode app. Interview created and persisted.,,"No fix needed; covered by post-fix regression pass (39 routes, key flows, 0 page errors)."
IV-02,Interviews,Recruiting KPIs,"As a recruiter, I want KPIs (open, positive feedback, hired/offer, standby, next incoming) so that I see the pipeline health.",Cards computed from interviews; 'incoming' = earliest entryDate among hired.,Retested-Pass,Pass — verified end-to-end via Playwright against mock-mode app,,"No fix needed; covered by post-fix regression pass (39 routes, key flows, 0 page errors)."
IV-03,Interviews,Hire handoff to Resources,"As a recruiter, I want to create a resource from a hired candidate and close the linked request so that onboarding starts clean.","When hiringStatus=SI, entry date field and 'create resource' button appear; navigates to /resources with prefilled form (name, role, function, hireDate, notes); linked ATTIVA request can be closed with one click and toast.",Retested-Pass,Pass — verified end-to-end via Playwright against mock-mode app,,"No fix needed; covered by post-fix regression pass (39 routes, key flows, 0 page errors)."
IV-04,Interviews,Interview filters & export,"As a recruiter, I want name/role/status/feedback filters and Excel/PDF export.",Filters combine; export includes average rating; entity-visibility guard for 'interviews'.,Retested-Pass,Pass — verified end-to-end via Playwright against mock-mode app,,"No fix needed; covered by post-fix regression pass (39 routes, key flows, 0 page errors)."
SM-01,Skills Map,Per-resource skill matrix,"As a competence manager, I want a per-resource view of skills/certifications with expiry warnings so that I see coverage per person.","Active resources enriched with role, primary skill, dominant category/macro, counts of skills/certifications and certifications expiring ≤90 days (expired highlighted); table↔card views.",Retested-Pass,Pass — verified by render smoke test + code review,,"No fix needed; covered by post-fix regression pass (39 routes, key flows, 0 page errors)."
SM-02,Skills Map,Skill map filters & inline skill editing,"As a competence manager, I want resource/role/skill/category filters and per-resource skill editing so that data upkeep is easy.",Filters incl. displayMode (all/skills only/certs only/empty); edit modal manages the resource's skill list with level and dates using addResourceSkill/deleteResourceSkill.,Retested-Pass,Pass — verified by render smoke test + code review,,"No fix needed; covered by post-fix regression pass (39 routes, key flows, 0 page errors)."
SA-01,Skill Analysis,Skill network graph,"As a competence manager, I want a D3 network of resources↔skills so that I can explore relationships visually.",Network view builds nodes for filtered skills+resources and links from resourceSkills; zoom in/out/reset buttons; theme-aware colors.,Retested-Pass,Pass — verified end-to-end via Playwright against mock-mode app,,"No fix needed; covered by post-fix regression pass (39 routes, key flows, 0 page errors)."
SA-02,Skill Analysis,Radar/Sankey/Bubble views,"As a competence manager, I want alternative charts (radar, sankey, bubble) so that I analyze skill distribution from multiple angles.","View selector switches chart type; charts derive from same filters (resources, roles, skills, category, macro, location, display mode, hide-empty toggle).",Retested-Pass,Pass — verified end-to-end via Playwright against mock-mode app,,"No fix needed; covered by post-fix regression pass (39 routes, key flows, 0 page errors)."
OC-01,Org Chart,Hierarchical org chart,"As a manager, I want a visual org chart of users (multi-parent aware) so that I understand reporting lines.",Nodes colored by role with badges; SIMPLE users auto-placed under PMs of their assigned projects (marked auto-placed); expandable/collapsible nodes; inactive users faded; search highlight; data via authorized app-users fetch.,Retested-Pass,Pass — verified end-to-end via Playwright against mock-mode app,,"No fix needed; covered by post-fix regression pass (39 routes, key flows, 0 page errors)."
PT-01,Performance,Evaluation timeline,"As a people lead, I want a per-resource timeline of yearly evaluations with metrics so that growth is documented.","Select resource → chronological cards with fiscal year, evaluator, status (Bozza/Completata/Archiviata), summary, metric rows (category, value, score/5) and overall rating/100.",Retested-Pass,Pass — verified end-to-end via Playwright against mock-mode app,,"No fix needed; covered by post-fix regression pass (39 routes, key flows, 0 page errors)."
PT-02,Performance,Evaluation CRUD with permissions,"As a people lead, I want to add/edit/delete evaluations only when authorized so that reviews are controlled.",Edit/delete only when canEdit (admin/evaluator rules); confirmation modal on delete; metrics grouped in categories Obiettivi/Competenze/Soft Skills/Feedback.,Retested-Pass,Pass — verified by render smoke test + code review,,"No fix needed; covered by post-fix regression pass (39 routes, key flows, 0 page errors)."
SV-01,Staffing Visualization,Sankey & network of staffing,"As a manager, I want a monthly Sankey (Resource→Project→Client/Contract) and network view so that I see staffing flows.",Month selector (±6 months); links weighted by person-days in month (excludes weekends/holidays); view toggle sankey/network; theme-aware D3 rendering.,Retested-Pass,Pass — verified end-to-end via Playwright against mock-mode app,,"No fix needed; covered by post-fix regression pass (39 routes, key flows, 0 page errors)."
SIM-01,Simulation,What-if scenario sandbox,"As a planner, I want a sandbox copy of resources/projects/staffing so that I can simulate changes without touching real data.",Simulation state held in a reducer; tabs Configurazione/Staffing/Analisi; start from real data; ghost resources can be added with role/function/location and financials; per-project expenses and billing modals.,Retested-Pass,Pass — verified end-to-end via Playwright against mock-mode app,,"No fix needed; covered by post-fix regression pass (39 routes, key flows, 0 page errors)."
SIM-02,Simulation,Scenario save/load,"As a planner, I want to save and load named scenarios so that simulations persist.",Scenarios persisted via analytics_cache API (scope SIMULATION) with name/description/updatedAt; load modal lists them; save modal names them.,Retested-Pass,Pass — verified end-to-end via Playwright against mock-mode app,,"No fix needed; covered by post-fix regression pass (39 routes, key flows, 0 page errors)."
SIM-03,Simulation,Simulation financial analysis & export,"As a planner, I want financial analysis of the scenario and Excel export/import so that I can share simulations.","Analysis tab computes costs/revenue/margin using sim financials and rate cards (bulk apply rate card supported); export builds multi-sheet Excel (Info, Resources, Projects, Assignments...); import restores from file.",Retested-Pass,Pass — verified end-to-end via Playwright against mock-mode app,,"No fix needed; covered by post-fix regression pass (39 routes, key flows, 0 page errors)."
GS-01,Global Search,Global search page,"As a user, I want a full-page search across resources, projects, clients, skills etc. so that I find anything fast.",Min 2 chars; results grouped by type with counts and highlighted matches; clicking navigates to the entity deep link; clear button resets.,Retested-Pass,"Pass — verified end-to-end via Playwright against mock-mode app. Min-2-chars hint and grouped, highlighted results verified for 'Mario'.",,"No fix needed; covered by post-fix regression pass (39 routes, key flows, 0 page errors)."
KB-01,Knowledge Base,Article CRUD with rich text,"As a user, I want KB articles with HTML (WYSIWYG) or plain text content, tags and linked entities so that knowledge is centralized.","List sorted by updatedAt desc; create/edit modal with title, format switch (RichTextEditor for html, monospace textarea for plain), comma-separated tags, EntityLinkPicker for resources/skills/projects/contracts/clients; delete with confirmation; ?openId deep link opens an article.",Retested-Pass,Pass — verified end-to-end via Playwright against mock-mode app. Article created with rich-text content and persisted.,,"No fix needed; covered by post-fix regression pass (39 routes, key flows, 0 page errors)."
KB-02,Knowledge Base,KB search & filters,"As a user, I want text search and format/entity-type filters so that I find articles quickly.",searchArticles matches title/content/tags; filters by format and linked entity type; empty state shown when none.,Retested-Pass,Pass — verified end-to-end via Playwright against mock-mode app,,"No fix needed; covered by post-fix regression pass (39 routes, key flows, 0 page errors)."
NT-01,Notifications,Notification center,"As a user, I want an inbox of notifications with unread filter and mark-as-read so that I don't miss approvals.","Default filter 'Da Leggere'; unread count shown in page header, sidebar nav badge and header bell (HeaderActions), all sourced from the same UIConfigContext.notifications list; clicking a notification marks it read and navigates to its link; 'Segna tutte come lette' bulk action zeroes unread count everywhere and persists after reload; icons inferred from title keywords (Richiesta/Assegnazione/Allocazione, case-insensitive) with 'info' fallback; relative dates (time/Ieri/date); empty state text differs for 'Tutte' vs 'Da Leggere'.",Retested-Pass,Pass (after fix),"BUG-5 (prior): fetchNotifications() was never called — fixed previously. This pass found 3 new defects via live Playwright testing of the leave-request notification flow: BUG-8: LeavePage.tsx created the notification link as '/#/leaves' (HashRouter fragment baked into the value) instead of a plain path; passing this to react-router's navigate() resolved to pathname '/' and silently redirected to the role's default home (/staffing) instead of /leaves — verified live (URL landed on /#/staffing, not /#/leaves). BUG-9: the icon-inference check notification.title.includes('Richiesta') is case-sensitive, but LeavePage.tsx created the title as 'Nuova richiesta di assenza' (lowercase r) — the single most common real-world notification always showed the generic 'info' icon instead of 'assignment'. BUG-10: the empty-state paragraph rendered 'Non ci sono notifiche .' (stray double space + orphaned period) when the 'Tutte' filter has zero results, because the space sat outside the conditional string.","Fixed in LeavePage.tsx: link now '/leaves' and title now 'Nuova Richiesta di Assenza' (matches the Title-Case convention used by every other notification title in api/resources.ts and api/staffing.ts). Fixed in NotificationsPage.tsx: icon inference now lower-cases the title before matching (defends against future casing drift) and the empty-state string no longer produces a stray space. Retested end-to-end: creating a leave request now shows the 'assignment' icon and clicking it navigates to /leaves (verified via URL assertion); 'Tutte' empty state reads 'Non ci sono notifiche.' cleanly."
WH-01,Webhooks,Simple webhook configs,"As an admin, I want CRUD of simple event→webhook configs so that Teams gets notified on events.","Tab 'Webhook Semplici': table of notification_configs with event type (22 types), URL, enabled; create/edit modal; delete confirmation; test send returns simulated success in mock mode.",Retested-Pass,Pass — verified end-to-end via Playwright against mock-mode app,,"No fix needed; covered by post-fix regression pass (39 routes, key flows, 0 page errors)."
WH-02,Webhooks,Advanced drag & drop builder,"As an admin, I want to compose Adaptive Card notifications with drag-and-drop blocks so that messages are customized.","Tab 'Builder Avanzato' edits notification_rules; palette blocks: header, facts, detailed facts, text, image (QuickChart), table, divider; blocks reorderable; color themes; preview; save rule.",Retested-Pass,Pass — verified end-to-end via Playwright against mock-mode app,,"No fix needed; covered by post-fix regression pass (39 routes, key flows, 0 page errors)."
AS-01,Admin Settings,Planning data horizon,"As an admin, I want to configure months of allocations loaded before/after today so that performance is tuned.","monthsBefore 0-24, monthsAfter 1-36; 'Salva su DB & Ricarica' appears only when changed; persists globally.",Retested-Pass,Pass — verified end-to-end via Playwright against mock-mode app,,"No fix needed; covered by post-fix regression pass (39 routes, key flows, 0 page errors)."
AS-02,Admin Settings,Bulk talent & seniority editing,"As an admin, I want to bulk edit talent flags and seniority codes so that grading is fast, on both desktop and mobile.","Searchable table of active resources with inline checkbox and code input; changes staged locally and saved in one bulk action with toast; DataTable shows a desktop table (>=md) and equivalent per-resource cards on mobile (<md), reusing the same column cell renderers so edits work identically on both.",Retested-Pass,Pass (after fix),"BUG-12: AdminSettingsPage.tsx passed renderMobileCard={() => <></>} to DataTable — every row rendered a blank, keyless fragment on mobile. Net effect: below the md breakpoint the desktop table is hidden (DataTable.tsx's own 'hidden md:block' wrapper) and this mobile stub rendered nothing, so the entire bulk talent/seniority editor was invisible and unusable on phones, with no message explaining why. It also logged 'Each child in a list should have a unique key prop... Check the render method of DataTable' since React saw multiple identical keyless fragments in the array.","Fixed in AdminSettingsPage.tsx: renderMobileCard now returns a real per-resource card (key={r.id}) that reuses the same columns[].cell(r) renderers as the desktop table, so the talent checkbox and seniority input are editable on mobile too. Retested at 390px viewport: card renders with 'RISORSA' field label, no console key-prop warning."
AS-03,Admin Settings,Quick actions configuration,"As an admin, I want to configure up to 8 Cmd+K quick actions so that the search palette fits our workflows.","Add (max 8 with warning), edit label/icon/link/color inline, reorder with up/down, remove; 'Salva su DB' appears only when list differs from saved.",Retested-Pass,Pass — verified end-to-end via Playwright against mock-mode app,,"No fix needed; covered by post-fix regression pass (39 routes, key flows, 0 page errors)."
SC-01,Security Center,Security pillars navigation,"As an admin, I want a security control panel with pillars (Audit, RBAC matrix, Entity visibility, Identity, Hierarchy, Navigation) so that all security config is in one place.",Left pillar menu switches content; default pillar Audit; admin-only route.,Retested-Pass,Pass — verified end-to-end via Playwright against mock-mode app,,"No fix needed; covered by post-fix regression pass (39 routes, key flows, 0 page errors)."
SC-02,Security Center,Identity & users management,"As an admin, I want to manage app users (whitelist, roles, impersonation, password resets) so that access is controlled.","IdentityPillar lists app-users with role editing and impersonate action (mock returns target user token and reloads data, navigating home).",Retested-Pass,Pass — verified end-to-end via Playwright against mock-mode app,,"No fix needed; covered by post-fix regression pass (39 routes, key flows, 0 page errors)."
SC-03,Security Center,RBAC & entity visibility & navigation,"As an admin, I want per-role route permissions, per-role entity visibility toggles and menu/landing configuration so that roles see only what they should.",RBACPillar edits route×role matrix; EntityVisibilityPillar bulk-saves role_entity_visibility rules (non-admin roles then get filtered data); NavigationPillar configures sidebar sections and default home per role; AuditPillar shows activity timeline.,Retested-Pass,Pass — verified end-to-end via Playwright against mock-mode app,,"No fix needed; covered by post-fix regression pass (39 routes, key flows, 0 page errors)."
DBI-01,DB Inspector,Table inspector,"As an admin, I want to browse tables, edit rows inline and truncate tables so that I can fix data directly.",Table list auto-loads (first selected); rows shown with columns; row edit and save; 'delete all rows' with confirmation modal; 401/403 shows session-expired toast.,Retested-Pass,Pass (after fix),"BUG-13 (see CC-07): DbInspectorPage.tsx passed renderMobileCard={() => <></>} (commented 'Not optimized for mobile yet' — an acknowledged, deliberate scope decision for this admin power-tool, not a hidden defect) which could log a React key warning.","Fixed at the shared component level in DataTable.tsx (see CC-07) — the mobile-card map now always wraps results in a keyed Fragment. The 'not optimized for mobile yet' scope decision itself is unchanged (out of scope for a bug fix; DB Inspector remains desktop-oriented by design). Retested: /db-inspector logs zero console errors."
DBI-02,DB Inspector,SQL editor & dumps & bulk passwords,"As an admin, I want to run raw SQL, export PG/MySQL dumps and bulk-reset passwords so that maintenance is possible in-app.",Query mode textarea + run (mock returns unsupported notice); export buttons download SQL dumps via authorized fetch; bulk password mode parses username:password lines (min 8 chars) and reports success/fail counts.,Retested-Pass,Pass — verified end-to-end via Playwright against mock-mode app,,"No fix needed; covered by post-fix regression pass (39 routes, key flows, 0 page errors)."
LG-01,Login,Login form with validation,"As a user, I want a login form with client-side validation so that I get immediate feedback.","Zod: username ≥3 chars, password ≥8; field errors under inputs with helper texts; API error shown in red banner; spinner during login; success stores token+user and redirects; if protection disabled a yellow banner explains it; authenticated users are redirected away.",Retested-Pass,Pass — verified end-to-end via Playwright against mock-mode app,,"No fix needed; covered by post-fix regression pass (39 routes, key flows, 0 page errors)."
UM-01,Manuals,User manual & leave guide,"As a user, I want an in-app manual and a simple leave guide so that I can learn the app.",Static content pages /manuale-utente and /simple-user-manual reachable from sidebar 'Supporto' section.,Retested-Pass,Pass — verified end-to-end via Playwright against mock-mode app,,"No fix needed; covered by post-fix regression pass (39 routes, key flows, 0 page errors)."
